2018-01-01T12:00+01:00,-13
2018-01-02T12:00+01:00,3
2018-01-03T12:00+01:00,11
2018-01-04T12:00+01:00,-20
2018-01-05T12:00+01:00,11
2018-01-06T12:00+01:00,-19
2018-01-07T12:00+01:00,18
2018-01-08T12:00+01:00,14
2018-01-09T12:00+01:00,17
2018-01-10T12:00+01:00,-14
2018-01-11T12:00+01:00,-12
2018-01-12T12:00+01:00,5
2018-01-13T12:00+01:00,-9
2018-01-14T12:00+01:00,17
2018-01-15T12:00+01:00,-2
2018-01-16T12:00+01:00,-8
2018-01-17T12:00+01:00,17
2018-01-18T12:00+01:00,-8
2018-01-19T12:00+01:00,-11
2018-01-20T12:00+01:00,-9
2018-01-21T12:00+01:00,-4
2018-01-22T12:00+01:00,4
2018-01-23T12:00+01:00,7
2018-01-24T12:00+01:00,10
2018-01-25T12:00+01:00,12
2018-01-26T12:00+01:00,7
2018-01-27T12:00+01:00,-2
2018-01-28T12:00+01:00,19
2018-01-29T12:00+01:00,12
2018-01-30T12:00+01:00,14
2018-01-31T12:00+01:00,18
2018-02-01T12:00+01:00,14
2018-02-02T12:00+01:00,-13
2018-02-03T12:00+01:00,-19
2018-02-04T12:00+01:00,-11
2018-02-05T12:00+01:00,0
2018-02-06T12:00+01:00,10
2018-02-07T12:00+01:00,17
2018-02-08T12:00+01:00,14
2018-02-09T12:00+01:00,-1
2018-02-10T12:00+01:00,18
2018-02-11T12:00+01:00,13
2018-02-12T12:00+01:00,-6
2018-02-13T12:00+01:00,-11
2018-02-14T12:00+01:00,14
2018-02-15T12:00+01:00,-18
2018-02-16T12:00+01:00,1
2018-02-17T12:00+01:00,-8
2018-02-18T12:00+01:00,18
2018-02-19T12:00+01:00,2
2018-02-20T12:00+01:00,-17
2018-02-21T12:00+01:00,13
2018-02-22T12:00+01:00,-5
2018-02-23T12:00+01:00,8
2018-02-24T12:00+01:00,-19
2018-02-25T12:00+01:00,5
2018-02-26T12:00+01:00,5
2018-02-27T12:00+01:00,7
2018-02-28T12:00+01:00,-8
2018-03-01T12:00+01:00,-13
2018-03-02T12:00+01:00,19
2018-03-03T12:00+01:00,18
2018-03-04T12:00+01:00,-4
2018-03-05T12:00+01:00,10
2018-03-06T12:00+01:00,18
2018-03-07T12:00+01:00,-13
2018-03-08T12:00+01:00,1
2018-03-09T12:00+01:00,-3
2018-03-10T12:00+01:00,-4
2018-03-11T12:00+01:00,-10
2018-03-12T12:00+01:00,-12
2018-03-13T12:00+01:00,3
2018-03-14T12:00+01:00,-19
2018-03-15T12:00+01:00,10
2018-03-16T12:00+01:00,8
2018-03-17T12:00+01:00,13
2018-03-18T12:00+01:00,14
2018-03-19T12:00+01:00,1
2018-03-20T12:00+01:00,-5
2018-03-21T12:00+01:00,6
2018-03-22T12:00+01:00,-12
2018-03-23T12:00+01:00,6
2018-03-24T12:00+01:00,1
2018-03-25T12:00+01:00,17
2018-03-26T12:00+01:00,-2
2018-03-27T12:00+01:00,-12
2018-03-28T12:00+01:00,9
2018-03-29T12:00+01:00,9
2018-03-30T12:00+01:00,0
2018-03-31T12:00+01:00,12
2018-04-01T12:00+01:00,-11
2018-04-02T12:00+01:00,19
2018-04-03T12:00+01:00,11
2018-04-04T12:00+01:00,-15
2018-04-05T12:00+01:00,-7
2018-04-06T12:00+01:00,11
2018-04-07T12:00+01:00,13
2018-04-08T12:00+01:00,13
2018-04-09T12:00+01:00,14
2018-04-10T12:00+01:00,6
2018-04-11T12:00+01:00,-14
2018-04-12T12:00+01:00,-14
2018-04-13T12:00+01:00,12
2018-04-14T12:00+01:00,18
2018-04-15T12:00+01:00,2
2018-04-16T12:00+01:00,-13
2018-04-17T12:00+01:00,3
2018-04-18T12:00+01:00,-13
2018-04-19T12:00+01:00,3
2018-04-20T12:00+01:00,14
2018-04-21T12:00+01:00,-17
2018-04-22T12:00+01:00,-16
2018-04-23T12:00+01:00,8
2018-04-24T12:00+01:00,-13
2018-04-25T12:00+01:00,-19
2018-04-26T12:00+01:00,0
2018-04-27T12:00+01:00,-18
2018-04-28T12:00+01:00,10
2018-04-29T12:00+01:00,5
2018-04-30T12:00+01:00,-15
2018-05-01T12:00+01:00,16
2018-05-02T12:00+01:00,-3
2018-05-03T12:00+01:00,-14
2018-05-04T12:00+01:00,-16
2018-05-05T12:00+01:00,18
2018-05-06T12:00+01:00,-7
2018-05-07T12:00+01:00,-9
2018-05-08T12:00+01:00,-19
2018-05-09T12:00+01:00,-12
2018-05-10T12:00+01:00,-6
2018-05-11T12:00+01:00,-17
2018-05-12T12:00+01:00,-4
2018-05-13T12:00+01:00,9
2018-05-14T12:00+01:00,-7
2018-05-15T12:00+01:00,-6
2018-05-16T12:00+01:00,-7
2018-05-17T12:00+01:00,8
2018-05-18T12:00+01:00,-2
2018-05-19T12:00+01:00,3
2018-05-20T12:00+01:00,-3
2018-05-21T12:00+01:00,13
2018-05-22T12:00+01:00,2
2018-05-23T12:00+01:00,-3
2018-05-24T12:00+01:00,17
2018-05-25T12:00+01:00,3
2018-05-26T12:00+01:00,17
2018-05-27T12:00+01:00,-16
2018-05-28T12:00+01:00,15
2018-05-29T12:00+01:00,0
2018-05-30T12:00+01:00,-19
2018-05-31T12:00+01:00,0
2018-06-01T12:00+01:00,-2
2018-06-02T12:00+01:00,6
2018-06-03T12:00+01:00,-2
2018-06-04T12:00+01:00,-1
2018-06-05T12:00+01:00,18
2018-06-06T12:00+01:00,6
2018-06-07T12:00+01:00,-13
2018-06-08T12:00+01:00,-14
2018-06-09T12:00+01:00,1
2018-06-10T12:00+01:00,-6
2018-06-11T12:00+01:00,-5
2018-06-12T12:00+01:00,-13
2018-06-13T12:00+01:00,0
2018-06-14T12:00+01:00,-19
2018-06-15T12:00+01:00,15
2018-06-16T12:00+01:00,19
2018-06-17T12:00+01:00,11
2018-06-18T12:00+01:00,-3
2018-06-19T12:00+01:00,-11
2018-06-20T12:00+01:00,17
2018-06-21T12:00+01:00,-20
2018-06-22T12:00+01:00,3
2018-06-23T12:00+01:00,4
2018-06-24T12:00+01:00,14
2018-06-25T12:00+01:00,-4
2018-06-26T12:00+01:00,10
2018-06-27T12:00+01:00,-19
2018-06-28T12:00+01:00,14
2018-06-29T12:00+01:00,-10
2018-06-30T12:00+01:00,-11
2018-07-01T12:00+01:00,-16
2018-07-02T12:00+01:00,-20
2018-07-03T12:00+01:00,14
2018-07-04T12:00+01:00,-8
2018-07-05T12:00+01:00,3
2018-07-06T12:00+01:00,-4
2018-07-07T12:00+01:00,-15
2018-07-08T12:00+01:00,17
2018-07-09T12:00+01:00,1
2018-07-10T12:00+01:00,9
2018-07-11T12:00+01:00,11
2018-07-12T12:00+01:00,-16
2018-07-13T12:00+01:00,-18
2018-07-14T12:00+01:00,1
2018-07-15T12:00+01:00,14
2018-07-16T12:00+01:00,9
2018-07-17T12:00+01:00,-13
2018-07-18T12:00+01:00,9
2018-07-19T12:00+01:00,0
2018-07-20T12:00+01:00,-1
2018-07-21T12:00+01:00,19
2018-07-22T12:00+01:00,11
2018-07-23T12:00+01:00,8
2018-07-24T12:00+01:00,-12
2018-07-25T12:00+01:00,15
2018-07-26T12:00+01:00,4
2018-07-27T12:00+01:00,-12
2018-07-28T12:00+01:00,9
2018-07-29T12:00+01:00,13
2018-07-30T12:00+01:00,-15
2018-07-31T12:00+01:00,14
2018-08-01T12:00+01:00,6
2018-08-02T12:00+01:00,14
2018-08-03T12:00+01:00,-5
2018-08-04T12:00+01:00,9
2018-08-05T12:00+01:00,-12
2018-08-06T12:00+01:00,18
2018-08-07T12:00+01:00,-11
2018-08-08T12:00+01:00,-12
2018-08-09T12:00+01:00,-5
2018-08-10T12:00+01:00,10
2018-08-11T12:00+01:00,5
2018-08-12T12:00+01:00,-16
2018-08-13T12:00+01:00,-2
2018-08-14T12:00+01:00,-20
2018-08-15T12:00+01:00,16
2018-08-16T12:00+01:00,9
2018-08-17T12:00+01:00,-2
2018-08-18T12:00+01:00,6
2018-08-19T12:00+01:00,-15
2018-08-20T12:00+01:00,-12
2018-08-21T12:00+01:00,-18
2018-08-22T12:00+01:00,-5
2018-08-23T12:00+01:00,-16
2018-08-24T12:00+01:00,4
2018-08-25T12:00+01:00,-20
2018-08-26T12:00+01:00,9
2018-08-27T12:00+01:00,-7
2018-08-28T12:00+01:00,13
2018-08-29T12:00+01:00,-10
2018-08-30T12:00+01:00,-14
2018-08-31T12:00+01:00,6
2018-09-01T12:00+01:00,-14
2018-09-02T12:00+01:00,-17
2018-09-03T12:00+01:00,7
2018-09-04T12:00+01:00,16
2018-09-05T12:00+01:00,8
2018-09-06T12:00+01:00,2
2018-09-07T12:00+01:00,10
2018-09-08T12:00+01:00,1
2018-09-09T12:00+01:00,-17
2018-09-10T12:00+01:00,12
2018-09-11T12:00+01:00,-4
2018-09-12T12:00+01:00,-17
2018-09-13T12:00+01:00,17
2018-09-14T12:00+01:00,18
2018-09-15T12:00+01:00,-1
2018-09-16T12:00+01:00,18
2018-09-17T12:00+01:00,-18
2018-09-18T12:00+01:00,-14
2018-09-19T12:00+01:00,-11
2018-09-20T12:00+01:00,7
2018-09-21T12:00+01:00,9
2018-09-22T12:00+01:00,-20
2018-09-23T12:00+01:00,0
2018-09-24T12:00+01:00,-4
2018-09-25T12:00+01:00,-2
2018-09-26T12:00+01:00,-14
2018-09-27T12:00+01:00,14
2018-09-28T12:00+01:00,-6
2018-09-29T12:00+01:00,16
2018-09-30T12:00+01:00,-13
2018-10-01T12:00+01:00,13
2018-10-02T12:00+01:00,-18
2018-10-03T12:00+01:00,3
2018-10-04T12:00+01:00,16
2018-10-05T12:00+01:00,-2
2018-10-06T12:00+01:00,-13
2018-10-07T12:00+01:00,-8
2018-10-08T12:00+01:00,-17
2018-10-09T12:00+01:00,8
2018-10-10T12:00+01:00,-13
2018-10-11T12:00+01:00,13
2018-10-12T12:00+01:00,-13
2018-10-13T12:00+01:00,0
2018-10-14T12:00+01:00,-12
2018-10-15T12:00+01:00,-18
2018-10-16T12:00+01:00,-18
2018-10-17T12:00+01:00,-19
2018-10-18T12:00+01:00,11
2018-10-19T12:00+01:00,2
2018-10-20T12:00+01:00,-3
2018-10-21T12:00+01:00,5
2018-10-22T12:00+01:00,16
2018-10-23T12:00+01:00,3
2018-10-24T12:00+01:00,-11
2018-10-25T12:00+01:00,16
2018-10-26T12:00+01:00,-7
2018-10-27T12:00+01:00,-12
2018-10-28T12:00+01:00,-12
2018-10-29T12:00+01:00,9
2018-10-30T12:00+01:00,-18
2018-10-31T12:00+01:00,-13
2018-11-01T12:00+01:00,11
2018-11-02T12:00+01:00,14
2018-11-03T12:00+01:00,13
2018-11-04T12:00+01:00,7
2018-11-05T12:00+01:00,1
2018-11-06T12:00+01:00,-3
2018-11-07T12:00+01:00,3
2018-11-08T12:00+01:00,-7
2018-11-09T12:00+01:00,-14
2018-11-10T12:00+01:00,-17
2018-11-11T12:00+01:00,8
2018-11-12T12:00+01:00,2
2018-11-13T12:00+01:00,-5
2018-11-14T12:00+01:00,-1
2018-11-15T12:00+01:00,-4
2018-11-16T12:00+01:00,1
2018-11-17T12:00+01:00,-14
2018-11-18T12:00+01:00,-7
2018-11-19T12:00+01:00,-3
2018-11-20T12:00+01:00,4
2018-11-21T12:00+01:00,-16
2018-11-22T12:00+01:00,-7
2018-11-23T12:00+01:00,17
2018-11-24T12:00+01:00,2
2018-11-25T12:00+01:00,-4
2018-11-26T12:00+01:00,10
2018-11-27T12:00+01:00,-20
2018-11-28T12:00+01:00,15
2018-11-29T12:00+01:00,-2
2018-11-30T12:00+01:00,-3
2018-12-01T12:00+01:00,19
2018-12-02T12:00+01:00,0
2018-12-03T12:00+01:00,-5
2018-12-04T12:00+01:00,-15
2018-12-05T12:00+01:00,-3
2018-12-06T12:00+01:00,2
2018-12-07T12:00+01:00,-2
2018-12-08T12:00+01:00,17
2018-12-09T12:00+01:00,15
2018-12-10T12:00+01:00,19
2018-12-11T12:00+01:00,5
2018-12-12T12:00+01:00,-11
2018-12-13T12:00+01:00,-12
2018-12-14T12:00+01:00,8
2018-12-15T12:00+01:00,16
2018-12-16T12:00+01:00,-17
2018-12-17T12:00+01:00,1
2018-12-18T12:00+01:00,12
2018-12-19T12:00+01:00,3
2018-12-20T12:00+01:00,15
2018-12-21T12:00+01:00,15
2018-12-22T12:00+01:00,11
2018-12-23T12:00+01:00,1
2018-12-24T12:00+01:00,-12
2018-12-25T12:00+01:00,10
2018-12-26T12:00+01:00,-18
2018-12-27T12:00+01:00,19
2018-12-28T12:00+01:00,1
2018-12-29T12:00+01:00,13
2018-12-30T12:00+01:00,12
2018-12-31T12:00+01:00,-2
2019-01-01T12:00+01:00,-19
2019-01-02T12:00+01:00,14
2019-01-03T12:00+01:00,-13
2019-01-04T12:00+01:00,5
2019-01-05T12:00+01:00,2
2019-01-06T12:00+01:00,-18
2019-01-07T12:00+01:00,4
2019-01-08T12:00+01:00,19
2019-01-09T12:00+01:00,-4
2019-01-10T12:00+01:00,-11
2019-01-11T12:00+01:00,17
2019-01-12T12:00+01:00,2
2019-01-13T12:00+01:00,13
2019-01-14T12:00+01:00,14
2019-01-15T12:00+01:00,15
2019-01-16T12:00+01:00,19
2019-01-17T12:00+01:00,11
2019-01-18T12:00+01:00,16
2019-01-19T12:00+01:00,15
2019-01-20T12:00+01:00,15
2019-01-21T12:00+01:00,-1
2019-01-22T12:00+01:00,8
2019-01-23T12:00+01:00,9
2019-01-24T12:00+01:00,-5
2019-01-25T12:00+01:00,15
2019-01-26T12:00+01:00,-8
2019-01-27T12:00+01:00,-15
2019-01-28T12:00+01:00,-17
2019-01-29T12:00+01:00,4
2019-01-30T12:00+01:00,-15
2019-01-31T12:00+01:00,5
2019-02-01T12:00+01:00,12
2019-02-02T12:00+01:00,-17
2019-02-03T12:00+01:00,17
2019-02-04T12:00+01:00,3
2019-02-05T12:00+01:00,-2
2019-02-06T12:00+01:00,11
2019-02-07T12:00+01:00,-17
2019-02-08T12:00+01:00,-12
2019-02-09T12:00+01:00,18
2019-02-10T12:00+01:00,13
2019-02-11T12:00+01:00,3
2019-02-12T12:00+01:00,10
2019-02-13T12:00+01:00,-13
2019-02-14T12:00+01:00,5
2019-02-15T12:00+01:00,16
2019-02-16T12:00+01:00,15
2019-02-17T12:00+01:00,-12
2019-02-18T12:00+01:00,-2
2019-02-19T12:00+01:00,-14
2019-02-20T12:00+01:00,12
2019-02-21T12:00+01:00,-15
2019-02-22T12:00+01:00,16
2019-02-23T12:00+01:00,14
2019-02-24T12:00+01:00,-18
2019-02-25T12:00+01:00,3
2019-02-26T12:00+01:00,9
2019-02-27T12:00+01:00,5
2019-02-28T12:00+01:00,6
2019-03-01T12:00+01:00,19
2019-03-02T12:00+01:00,15
2019-03-03T12:00+01:00,15
2019-03-04T12:00+01:00,16
2019-03-05T12:00+01:00,9
2019-03-06T12:00+01:00,-18
2019-03-07T12:00+01:00,15
2019-03-08T12:00+01:00,19
2019-03-09T12:00+01:00,-16
2019-03-10T12:00+01:00,-5
2019-03-11T12:00+01:00,-16
2019-03-12T12:00+01:00,0
2019-03-13T12:00+01:00,15
2019-03-14T12:00+01:00,-6
2019-03-15T12:00+01:00,-8
2019-03-16T12:00+01:00,3
2019-03-17T12:00+01:00,5
2019-03-18T12:00+01:00,-10
2019-03-19T12:00+01:00,-11
2019-03-20T12:00+01:00,2
2019-03-21T12:00+01:00,17
2019-03-22T12:00+01:00,-1
2019-03-23T12:00+01:00,-3
2019-03-24T12:00+01:00,10
2019-03-25T12:00+01:00,11
2019-03-26T12:00+01:00,3
2019-03-27T12:00+01:00,6
2019-03-28T12:00+01:00,-8
2019-03-29T12:00+01:00,-2
2019-03-30T12:00+01:00,-9
2019-03-31T12:00+01:00,-9
2019-04-01T12:00+01:00,2
2019-04-02T12:00+01:00,14
2019-04-03T12:00+01:00,9
2019-04-04T12:00+01:00,-1
2019-04-05T12:00+01:00,-12
2019-04-06T12:00+01:00,1
2019-04-07T12:00+01:00,10
2019-04-08T12:00+01:00,-17
2019-04-09T12:00+01:00,-17
2019-04-10T12:00+01:00,-12
2019-04-11T12:00+01:00,-20
2019-04-12T12:00+01:00,-2
2019-04-13T12:00+01:00,-5
2019-04-14T12:00+01:00,17
2019-04-15T12:00+01:00,-14
2019-04-16T12:00+01:00,-19
2019-04-17T12:00+01:00,11
2019-04-18T12:00+01:00,2
2019-04-19T12:00+01:00,-19
2019-04-20T12:00+01:00,-19
2019-04-21T12:00+01:00,-19
2019-04-22T12:00+01:00,12
2019-04-23T12:00+01:00,-20
2019-04-24T12:00+01:00,6
2019-04-25T12:00+01:00,-7
2019-04-26T12:00+01:00,14
2019-04-27T12:00+01:00,-17
2019-04-28T12:00+01:00,9
2019-04-29T12:00+01:00,9
2019-04-30T12:00+01:00,13
2019-05-01T12:00+01:00,-9
2019-05-02T12:00+01:00,0
2019-05-03T12:00+01:00,7
2019-05-04T12:00+01:00,7
2019-05-05T12:00+01:00,4
2019-05-06T12:00+01:00,6
2019-05-07T12:00+01:00,15
2019-05-08T12:00+01:00,-9
2019-05-09T12:00+01:00,10
2019-05-10T12:00+01:00,-11
2019-05-11T12:00+01:00,2
2019-05-12T12:00+01:00,-8
2019-05-13T12:00+01:00,6
2019-05-14T12:00+01:00,7
2019-05-15T12:00+01:00,-20
2019-05-16T12:00+01:00,16
2019-05-17T12:00+01:00,-1
2019-05-18T12:00+01:00,-6
2019-05-19T12:00+01:00,5
2019-05-20T12:00+01:00,-5
2019-05-21T12:00+01:00,10
2019-05-22T12:00+01:00,16
2019-05-23T12:00+01:00,-1
2019-05-24T12:00+01:00,-6
2019-05-25T12:00+01:00,-17
2019-05-26T12:00+01:00,-9
2019-05-27T12:00+01:00,-1
2019-05-28T12:00+01:00,3
2019-05-29T12:00+01:00,17
2019-05-30T12:00+01:00,-13
2019-05-31T12:00+01:00,-17
2019-06-01T12:00+01:00,15
2019-06-02T12:00+01:00,-17
2019-06-03T12:00+01:00,6
2019-06-04T12:00+01:00,13
2019-06-05T12:00+01:00,5
2019-06-06T12:00+01:00,4
2019-06-07T12:00+01:00,-5
2019-06-08T12:00+01:00,-6
2019-06-09T12:00+01:00,-18
2019-06-10T12:00+01:00,10
2019-06-11T12:00+01:00,12
2019-06-12T12:00+01:00,-9
2019-06-13T12:00+01:00,16
2019-06-14T12:00+01:00,-7
2019-06-15T12:00+01:00,2
2019-06-16T12:00+01:00,13
2019-06-17T12:00+01:00,-16
2019-06-18T12:00+01:00,14
2019-06-19T12:00+01:00,-5
2019-06-20T12:00+01:00,17
2019-06-21T12:00+01:00,-7
2019-06-22T12:00+01:00,-7
2019-06-23T12:00+01:00,-19
2019-06-24T12:00+01:00,19
2019-06-25T12:00+01:00,-18
2019-06-26T12:00+01:00,-8
2019-06-27T12:00+01:00,-18
2019-06-28T12:00+01:00,-1
2019-06-29T12:00+01:00,15
2019-06-30T12:00+01:00,13
2019-07-01T12:00+01:00,-12
2019-07-02T12:00+01:00,1
2019-07-03T12:00+01:00,-3
2019-07-04T12:00+01:00,-13
2019-07-05T12:00+01:00,7
2019-07-06T12:00+01:00,3
2019-07-07T12:00+01:00,-16
2019-07-08T12:00+01:00,15
2019-07-09T12:00+01:00,15
2019-07-10T12:00+01:00,-2
2019-07-11T12:00+01:00,-16
2019-07-12T12:00+01:00,4
2019-07-13T12:00+01:00,1
2019-07-14T12:00+01:00,12
2019-07-15T12:00+01:00,-15
2019-07-16T12:00+01:00,-4
2019-07-17T12:00+01:00,13
2019-07-18T12:00+01:00,-14
2019-07-19T12:00+01:00,3
2019-07-20T12:00+01:00,-4
2019-07-21T12:00+01:00,19
2019-07-22T12:00+01:00,17
2019-07-23T12:00+01:00,10
2019-07-24T12:00+01:00,17
2019-07-25T12:00+01:00,-3
2019-07-26T12:00+01:00,-10
2019-07-27T12:00+01:00,-9
2019-07-28T12:00+01:00,10
2019-07-29T12:00+01:00,19
2019-07-30T12:00+01:00,-6
2019-07-31T12:00+01:00,-6
2019-08-01T12:00+01:00,-18
2019-08-02T12:00+01:00,-17
2019-08-03T12:00+01:00,6
2019-08-04T12:00+01:00,15
2019-08-05T12:00+01:00,4
2019-08-06T12:00+01:00,-15
2019-08-07T12:00+01:00,11
2019-08-08T12:00+01:00,-11
2019-08-09T12:00+01:00,-12
2019-08-10T12:00+01:00,-11
2019-08-11T12:00+01:00,6
2019-08-12T12:00+01:00,4
2019-08-13T12:00+01:00,16
2019-08-14T12:00+01:00,7
2019-08-15T12:00+01:00,5
2019-08-16T12:00+01:00,2
2019-08-17T12:00+01:00,18
2019-08-18T12:00+01:00,15
2019-08-19T12:00+01:00,-3
2019-08-20T12:00+01:00,-16
2019-08-21T12:00+01:00,6
2019-08-22T12:00+01:00,-7
2019-08-23T12:00+01:00,0
2019-08-24T12:00+01:00,13
2019-08-25T12:00+01:00,15
2019-08-26T12:00+01:00,-10
2019-08-27T12:00+01:00,-20
2019-08-28T12:00+01:00,7
2019-08-29T12:00+01:00,19
2019-08-30T12:00+01:00,6
2019-08-31T12:00+01:00,-3
2019-09-01T12:00+01:00,15
2019-09-02T12:00+01:00,-18
2019-09-03T12:00+01:00,-3
2019-09-04T12:00+01:00,-8
2019-09-05T12:00+01:00,16
2019-09-06T12:00+01:00,-11
2019-09-07T12:00+01:00,-5
2019-09-08T12:00+01:00,-14
2019-09-09T12:00+01:00,0
2019-09-10T12:00+01:00,11
2019-09-11T12:00+01:00,0
2019-09-12T12:00+01:00,18
2019-09-13T12:00+01:00,-4
2019-09-14T12:00+01:00,-1
2019-09-15T12:00+01:00,-12
2019-09-16T12:00+01:00,12
2019-09-17T12:00+01:00,4
2019-09-18T12:00+01:00,-1
2019-09-19T12:00+01:00,15
2019-09-20T12:00+01:00,-12
2019-09-21T12:00+01:00,-19
2019-09-22T12:00+01:00,19
2019-09-23T12:00+01:00,10
2019-09-24T12:00+01:00,-5
2019-09-25T12:00+01:00,12
2019-09-26T12:00+01:00,8
2019-09-27T12:00+01:00,2
2019-09-28T12:00+01:00,-5
2019-09-29T12:00+01:00,16
2019-09-30T12:00+01:00,-19
2019-10-01T12:00+01:00,17
2019-10-02T12:00+01:00,-1
2019-10-03T12:00+01:00,-4
2019-10-04T12:00+01:00,-4
2019-10-05T12:00+01:00,-20
2019-10-06T12:00+01:00,-4
2019-10-07T12:00+01:00,6
2019-10-08T12:00+01:00,-16
2019-10-09T12:00+01:00,-7
2019-10-10T12:00+01:00,19
2019-10-11T12:00+01:00,-19
2019-10-12T12:00+01:00,18
2019-10-13T12:00+01:00,5
2019-10-14T12:00+01:00,-13
2019-10-15T12:00+01:00,-14
2019-10-16T12:00+01:00,-18
2019-10-17T12:00+01:00,8
2019-10-18T12:00+01:00,-15
2019-10-19T12:00+01:00,5
2019-10-20T12:00+01:00,-10
2019-10-21T12:00+01:00,-3
2019-10-22T12:00+01:00,-10
2019-10-23T12:00+01:00,-9
2019-10-24T12:00+01:00,-11
2019-10-25T12:00+01:00,8
2019-10-26T12:00+01:00,17
2019-10-27T12:00+01:00,3
2019-10-28T12:00+01:00,6
2019-10-29T12:00+01:00,14
2019-10-30T12:00+01:00,-18
2019-10-31T12:00+01:00,-3
2019-11-01T12:00+01:00,-7
2019-11-02T12:00+01:00,-4
2019-11-03T12:00+01:00,-9
2019-11-04T12:00+01:00,13
2019-11-05T12:00+01:00,-18
2019-11-06T12:00+01:00,16
2019-11-07T12:00+01:00,4
2019-11-08T12:00+01:00,-19
2019-11-09T12:00+01:00,7
2019-11-10T12:00+01:00,5
2019-11-11T12:00+01:00,6
2019-11-12T12:00+01:00,9
2019-11-13T12:00+01:00,5
2019-11-14T12:00+01:00,15
2019-11-15T12:00+01:00,-2
2019-11-16T12:00+01:00,-13
2019-11-17T12:00+01:00,-6
2019-11-18T12:00+01:00,-19
2019-11-19T12:00+01:00,-7
2019-11-20T12:00+01:00,-7
2019-11-21T12:00+01:00,12
2019-11-22T12:00+01:00,-5
2019-11-23T12:00+01:00,-13
2019-11-24T12:00+01:00,7
2019-11-25T12:00+01:00,8
2019-11-26T12:00+01:00,-5
2019-11-27T12:00+01:00,-10
2019-11-28T12:00+01:00,-9
2019-11-29T12:00+01:00,11
2019-11-30T12:00+01:00,18
2019-12-01T12:00+01:00,14
2019-12-02T12:00+01:00,8
2019-12-03T12:00+01:00,2
2019-12-04T12:00+01:00,-10
2019-12-05T12:00+01:00,8
2019-12-06T12:00+01:00,7
2019-12-07T12:00+01:00,18
2019-12-08T12:00+01:00,-11
2019-12-09T12:00+01:00,-7
2019-12-10T12:00+01:00,18
2019-12-11T12:00+01:00,-10
2019-12-12T12:00+01:00,-10
2019-12-13T12:00+01:00,-19
2019-12-14T12:00+01:00,-8
2019-12-15T12:00+01:00,5
2019-12-16T12:00+01:00,14
2019-12-17T12:00+01:00,-2
2019-12-18T12:00+01:00,-5
2019-12-19T12:00+01:00,12
2019-12-20T12:00+01:00,-15
2019-12-21T12:00+01:00,18
2019-12-22T12:00+01:00,9
2019-12-23T12:00+01:00,-5
2019-12-24T12:00+01:00,14
2019-12-25T12:00+01:00,-4
2019-12-26T12:00+01:00,-1
2019-12-27T12:00+01:00,-12
2019-12-28T12:00+01:00,-1
2019-12-29T12:00+01:00,-5
2019-12-30T12:00+01:00,14
2019-12-31T12:00+01:00,-19
2020-01-01T12:00+01:00,0
2020-01-02T12:00+01:00,4
2020-01-03T12:00+01:00,-19
2020-01-04T12:00+01:00,-13
2020-01-05T12:00+01:00,-8
2020-01-06T12:00+01:00,-1
2020-01-07T12:00+01:00,-12
2020-01-08T12:00+01:00,-7
2020-01-09T12:00+01:00,18
2020-01-10T12:00+01:00,-17
2020-01-11T12:00+01:00,17
2020-01-12T12:00+01:00,11
2020-01-13T12:00+01:00,-9
2020-01-14T12:00+01:00,7
2020-01-15T12:00+01:00,-12
2020-01-16T12:00+01:00,19
2020-01-17T12:00+01:00,-13
2020-01-18T12:00+01:00,-19
2020-01-19T12:00+01:00,5
2020-01-20T12:00+01:00,13
2020-01-21T12:00+01:00,-18
2020-01-22T12:00+01:00,4
2020-01-23T12:00+01:00,-7
2020-01-24T12:00+01:00,-9
2020-01-25T12:00+01:00,-19
2020-01-26T12:00+01:00,17
2020-01-27T12:00+01:00,-9
2020-01-28T12:00+01:00,-4
2020-01-29T12:00+01:00,0
2020-01-30T12:00+01:00,-15
2020-01-31T12:00+01:00,11
2020-02-01T12:00+01:00,-17
2020-02-02T12:00+01:00,-13
2020-02-03T12:00+01:00,-5
2020-02-04T12:00+01:00,-19
2020-02-05T12:00+01:00,10
2020-02-06T12:00+01:00,19
2020-02-07T12:00+01:00,-9
2020-02-08T12:00+01:00,13
2020-02-09T12:00+01:00,11
2020-02-10T12:00+01:00,13
2020-02-11T12:00+01:00,-20
2020-02-12T12:00+01:00,7
2020-02-13T12:00+01:00,11
2020-02-14T12:00+01:00,-15
2020-02-15T12:00+01:00,-11
2020-02-16T12:00+01:00,-15
2020-02-17T12:00+01:00,-5
2020-02-18T12:00+01:00,-16
2020-02-19T12:00+01:00,-18
2020-02-20T12:00+01:00,-16
2020-02-21T12:00+01:00,-13
2020-02-22T12:00+01:00,19
2020-02-23T12:00+01:00,-5
2020-02-24T12:00+01:00,5
2020-02-25T12:00+01:00,-18
2020-02-26T12:00+01:00,7
2020-02-27T12:00+01:00,-11
2020-02-28T12:00+01:00,17
2020-02-29T12:00+01:00,-3
2020-03-01T12:00+01:00,-13
2020-03-02T12:00+01:00,2
2020-03-03T12:00+01:00,-15
2020-03-04T12:00+01:00,-7
2020-03-05T12:00+01:00,-17
2020-03-06T12:00+01:00,-12
2020-03-07T12:00+01:00,10
2020-03-08T12:00+01:00,16
2020-03-09T12:00+01:00,-5
2020-03-10T12:00+01:00,-3
2020-03-11T12:00+01:00,-20
2020-03-12T12:00+01:00,11
2020-03-13T12:00+01:00,15
2020-03-14T12:00+01:00,-18
2020-03-15T12:00+01:00,6
2020-03-16T12:00+01:00,12
2020-03-17T12:00+01:00,14
2020-03-18T12:00+01:00,-14
2020-03-19T12:00+01:00,4
2020-03-20T12:00+01:00,-11
2020-03-21T12:00+01:00,16
2020-03-22T12:00+01:00,12
2020-03-23T12:00+01:00,-7
2020-03-24T12:00+01:00,-2
2020-03-25T12:00+01:00,9
2020-03-26T12:00+01:00,-13
2020-03-27T12:00+01:00,-9
2020-03-28T12:00+01:00,-5
2020-03-29T12:00+01:00,3
2020-03-30T12:00+01:00,-8
2020-03-31T12:00+01:00,-1
2020-04-01T12:00+01:00,12
2020-04-02T12:00+01:00,16
2020-04-03T12:00+01:00,14
2020-04-04T12:00+01:00,5
2020-04-05T12:00+01:00,-8
2020-04-06T12:00+01:00,-4
2020-04-07T12:00+01:00,-11
2020-04-08T12:00+01:00,16
2020-04-09T12:00+01:00,-18
2020-04-10T12:00+01:00,-14
2020-04-11T12:00+01:00,-3
2020-04-12T12:00+01:00,-12
2020-04-13T12:00+01:00,8
2020-04-14T12:00+01:00,18
2020-04-15T12:00+01:00,-1
2020-04-16T12:00+01:00,-9
2020-04-17T12:00+01:00,3
2020-04-18T12:00+01:00,9
2020-04-19T12:00+01:00,-11
2020-04-20T12:00+01:00,-11
2020-04-21T12:00+01:00,5
2020-04-22T12:00+01:00,-3
2020-04-23T12:00+01:00,18
2020-04-24T12:00+01:00,4
2020-04-25T12:00+01:00,-9
2020-04-26T12:00+01:00,8
2020-04-27T12:00+01:00,-18
2020-04-28T12:00+01:00,-16
2020-04-29T12:00+01:00,12
2020-04-30T12:00+01:00,-20
2020-05-01T12:00+01:00,5
2020-05-02T12:00+01:00,-6
2020-05-03T12:00+01:00,-1
2020-05-04T12:00+01:00,-16
2020-05-05T12:00+01:00,0
2020-05-06T12:00+01:00,-17
2020-05-07T12:00+01:00,16
2020-05-08T12:00+01:00,7
2020-05-09T12:00+01:00,-10
2020-05-10T12:00+01:00,-8
2020-05-11T12:00+01:00,12
2020-05-12T12:00+01:00,-9
2020-05-13T12:00+01:00,2
2020-05-14T12:00+01:00,9
2020-05-15T12:00+01:00,-12
2020-05-16T12:00+01:00,3
2020-05-17T12:00+01:00,-15
2020-05-18T12:00+01:00,-15
2020-05-19T12:00+01:00,0
2020-05-20T12:00+01:00,-19
2020-05-21T12:00+01:00,8
2020-05-22T12:00+01:00,-18
2020-05-23T12:00+01:00,-14
2020-05-24T12:00+01:00,13
2020-05-25T12:00+01:00,15
2020-05-26T12:00+01:00,19
2020-05-27T12:00+01:00,12
2020-05-28T12:00+01:00,18
2020-05-29T12:00+01:00,11
2020-05-30T12:00+01:00,-15
2020-05-31T12:00+01:00,1
2020-06-01T12:00+01:00,-11
2020-06-02T12:00+01:00,18
2020-06-03T12:00+01:00,16
2020-06-04T12:00+01:00,-15
2020-06-05T12:00+01:00,-9
2020-06-06T12:00+01:00,17
2020-06-07T12:00+01:00,-17
2020-06-08T12:00+01:00,-2
2020-06-09T12:00+01:00,8
2020-06-10T12:00+01:00,-3
2020-06-11T12:00+01:00,-4
2020-06-12T12:00+01:00,-20
2020-06-13T12:00+01:00,4
2020-06-14T12:00+01:00,-14
2020-06-15T12:00+01:00,-11
2020-06-16T12:00+01:00,-18
2020-06-17T12:00+01:00,17
2020-06-18T12:00+01:00,-12
2020-06-19T12:00+01:00,2
2020-06-20T12:00+01:00,15
2020-06-21T12:00+01:00,-1
2020-06-22T12:00+01:00,6
2020-06-23T12:00+01:00,-6
2020-06-24T12:00+01:00,-6
2020-06-25T12:00+01:00,-3
2020-06-26T12:00+01:00,12
2020-06-27T12:00+01:00,-11
2020-06-28T12:00+01:00,7
2020-06-29T12:00+01:00,-14
2020-06-30T12:00+01:00,6
2020-07-01T12:00+01:00,-12
2020-07-02T12:00+01:00,-8
2020-07-03T12:00+01:00,-13
2020-07-04T12:00+01:00,11
2020-07-05T12:00+01:00,3
2020-07-06T12:00+01:00,15
2020-07-07T12:00+01:00,-4
2020-07-08T12:00+01:00,-5
2020-07-09T12:00+01:00,-2
2020-07-10T12:00+01:00,-6
2020-07-11T12:00+01:00,8
2020-07-12T12:00+01:00,13
2020-07-13T12:00+01:00,-6
2020-07-14T12:00+01:00,-7
2020-07-15T12:00+01:00,-1
2020-07-16T12:00+01:00,9
2020-07-17T12:00+01:00,15
2020-07-18T12:00+01:00,-8
2020-07-19T12:00+01:00,5
2020-07-20T12:00+01:00,-2
2020-07-21T12:00+01:00,11
2020-07-22T12:00+01:00,10
2020-07-23T12:00+01:00,10
2020-07-24T12:00+01:00,8
2020-07-25T12:00+01:00,-17
2020-07-26T12:00+01:00,9
2020-07-27T12:00+01:00,19
2020-07-28T12:00+01:00,-10
2020-07-29T12:00+01:00,6
2020-07-30T12:00+01:00,-16
2020-07-31T12:00+01:00,-16
2020-08-01T12:00+01:00,13
2020-08-02T12:00+01:00,19
2020-08-03T12:00+01:00,9
2020-08-04T12:00+01:00,-20
2020-08-05T12:00+01:00,2
2020-08-06T12:00+01:00,2
2020-08-07T12:00+01:00,19
2020-08-08T12:00+01:00,-18
2020-08-09T12:00+01:00,18
2020-08-10T12:00+01:00,-11
2020-08-11T12:00+01:00,4
2020-08-12T12:00+01:00,-8
2020-08-13T12:00+01:00,-1
2020-08-14T12:00+01:00,-16
2020-08-15T12:00+01:00,-16
2020-08-16T12:00+01:00,8
2020-08-17T12:00+01:00,-19
2020-08-18T12:00+01:00,16
2020-08-19T12:00+01:00,4
2020-08-20T12:00+01:00,15
2020-08-21T12:00+01:00,-1
2020-08-22T12:00+01:00,-19
2020-08-23T12:00+01:00,-18
2020-08-24T12:00+01:00,6
2020-08-25T12:00+01:00,9
2020-08-26T12:00+01:00,17
2020-08-27T12:00+01:00,-13
2020-08-28T12:00+01:00,7
2020-08-29T12:00+01:00,12
2020-08-30T12:00+01:00,3
2020-08-31T12:00+01:00,-5
2020-09-01T12:00+01:00,7
2020-09-02T12:00+01:00,14
2020-09-03T12:00+01:00,10
2020-09-04T12:00+01:00,13
2020-09-05T12:00+01:00,-14
2020-09-06T12:00+01:00,16
2020-09-07T12:00+01:00,11
2020-09-08T12:00+01:00,18
2020-09-09T12:00+01:00,14
2020-09-10T12:00+01:00,5
2020-09-11T12:00+01:00,6
2020-09-12T12:00+01:00,18
2020-09-13T12:00+01:00,-20
2020-09-14T12:00+01:00,-3
2020-09-15T12:00+01:00,-7
2020-09-16T12:00+01:00,15
2020-09-17T12:00+01:00,-17
2020-09-18T12:00+01:00,-6
2020-09-19T12:00+01:00,-10
2020-09-20T12:00+01:00,3
2020-09-21T12:00+01:00,-2
2020-09-22T12:00+01:00,17
2020-09-23T12:00+01:00,-7
2020-09-24T12:00+01:00,-6
2020-09-25T12:00+01:00,-9
2020-09-26T12:00+01:00,6
